{
  "NextIndex": 4,
  "Knots": [
    {
      "id": 0,
      "xCord": 92.372881355932236,
      "yCord": 245.49491525423736,
      "radius": 100.0,
      "source": false,
      "target": true
    },
    {
      "id": 1,
      "xCord": 330.84745762711873,
      "yCord": 83.545762711864427,
      "radius": 100.0,
      "source": false,
      "target": false
    },
    {
      "id": 2,
      "xCord": 695.74576271186459,
      "yCord": 122.76610169491528,
      "radius": 228.0,
      "source": true,
      "target": false
    },
    {
      "id": 3,
      "xCord": 384.2372881355933,
      "yCord": 184.98644067796613,
      "radius": 100.0,
      "source": false,
      "target": false
    }
  ]
}